Asset,Frequency,N,Mean,Std. dev.,Min,Max,Skewness,Excess kurtosis,Ann. mean,Ann. volatility,JB p-value
NVDA,Daily,4202,0.0014908871655246753,0.028440260546299174,-0.2077110849114405,0.2608761637185982,0.17291614070047404,6.753130125146292,0.3757035657122182,0.45147513976433756,0.0
NVDA,Weekly,871,0.007188826704885038,0.05897014504992237,-0.223787448775076,0.2638318083623956,0.16856154887490699,1.321807742818696,0.37381898865402197,0.4252397633980881,2.165188086389981e-15
NVDA,Monthly,199,0.03236369585956033,0.12323983062322835,-0.3860655443339033,0.4403472399346969,-0.1766470033821355,0.8612787970663094,0.38836435031472394,0.4269152963112286,0.02751970317959476
AAPL,Daily,4202,0.0009426583006203044,0.017708882067927315,-0.1377076792244596,0.1426173527225112,-0.1699871024228208,6.028053668577558,0.23754989175631672,0.2811197876922415,0.0
AAPL,Weekly,871,0.004558645958043638,0.03853914193465251,-0.1927435367438226,0.1374379135736151,-0.30614074023850874,1.535509521645543,0.2370495898182692,0.2779097047155481,2.915818723560697e-22
AAPL,Monthly,199,0.020151736446191598,0.07504091905479261,-0.199912376865959,0.1960346303773756,-0.2172775902216781,-0.312509790784667,0.24182083735429916,0.25994936889912856,0.3048962785677945
MSFT,Daily,4202,0.0007299575183345409,0.016397441132180834,-0.1594536741311669,0.1441586900249403,-0.026887761787773704,8.75952134619696,0.18394929462030432,0.26030130824143133,0.0
MSFT,Weekly,871,0.0035323716166008306,0.03322156809114383,-0.1551407446960869,0.1968000505021536,0.08429594036604278,3.1142470705330236,0.1836833240632432,0.23956413440787477,2.215089374360833e-77
MSFT,Monthly,199,0.01602027408987265,0.06528113699000242,-0.1881487759907512,0.2198030688401042,-0.06632222043005509,0.40643627762567647,0.19224328907847177,0.22614049208509637,0.46869824098945223
AVGO,Daily,4202,0.0013324660375903252,0.02409901564772703,-0.2220556371388506,0.2185943242164851,-0.08937926623027746,8.340343141387672,0.33578144147276195,0.3825600134720393,0.0
AVGO,Weekly,871,0.006409550775117274,0.05020707950902696,-0.2015955039394525,0.2248687106106978,0.14674743553119488,2.309245574367102,0.33329664030609824,0.36204839912218817,1.9804923398305507e-43
AVGO,Monthly,199,0.028722230135746547,0.08885271943222502,-0.235309169294175,0.3606330717939731,0.255663973468947,0.9932847516919416,0.3446667616289586,0.3077948488945524,0.005660212723234096
AMD,Daily,4202,0.0009651331391541506,0.03545257125300282,-0.2774555618368297,0.4206169591986685,0.3019704593155955,8.728126603277424,0.24321355106684595,0.5627921212394582,0.0
AMD,Weekly,871,0.004688540973093119,0.0756911134252893,-0.2941839032938457,0.3905394426210146,0.13803153570872176,1.9947527628448336,0.2438041306008422,0.5458163811036826,1.1016875721518259e-32
AMD,Monthly,199,0.020827678495865004,0.16226791046645667,-0.5284616437081786,0.5553581799209891,0.008026325568742984,0.7966284152182204,0.24993214195038005,0.562112530731881,0.07192841104811397
MU,Daily,4202,0.0010862550457901143,0.03189749453243516,-0.2208784746857106,0.2106111644004815,-0.08078536180605755,4.01552990479459,0.2737362715391088,0.5063570278731956,0.0
MU,Weekly,871,0.0052143098553302306,0.06719553423230411,-0.310953049289177,0.3201573332326924,-0.2081864984489,1.5109932496919631,0.27114411247717196,0.48455388831353646,4.3800483427822455e-20
MU,Monthly,199,0.023744559832589655,0.1381955894525437,-0.3937189995167728,0.6299742449731467,0.28908381326459237,1.7394204093313643,0.28493471799107584,0.4787235646274707,8.923348233882583e-07
BRK-B,Daily,4202,0.0004857156286290514,0.012109636944620132,-0.1008381624388041,0.1098398319427351,-0.031484107912453464,9.512234592199583,0.12240033841452094,0.1922345269364695,0.0
BRK-B,Weekly,871,0.0023394492543757804,0.025007073100157363,-0.1440020632419016,0.0932412122527447,-0.19997742300535717,2.607116695902815,0.12165136122754058,0.18032856862378718,1.493661209551035e-55
BRK-B,Monthly,199,0.009478695951959104,0.047261867096447696,-0.1461339428789453,0.125556434113543,-0.0919551764343798,-0.05559357745812621,0.11374435142350925,0.16371991014323037,0.858097201355767
JPM,Daily,4202,0.0005995616195880475,0.017245443141776545,-0.162105862074978,0.165620137193712,-0.11498254601606464,9.427023425313896,0.15108952813618798,0.27376292281347087,0.0
JPM,Weekly,871,0.0028444750149542127,0.03635688359286254,-0.2186786526412298,0.2009843398103469,-0.3591116681238868,3.5882901445983864,0.14791270077761906,0.26217321602028265,2.9182707789742017e-106
JPM,Monthly,199,0.013231350864372477,0.07160684538469075,-0.2596922433915083,0.1950489890579039,-0.6547442945927733,1.5511643879042545,0.15877621037246972,0.2480533887520267,3.8046920253213e-08
V,Daily,4202,0.0006989532461552421,0.015591539763371767,-0.1455713769842042,0.1397384643353949,-0.09379350261832048,9.879058576995245,0.176136218031121,0.2475080206227393,0.0
V,Weekly,871,0.0033869339187172875,0.031171405643809727,-0.1813246092607994,0.1814810205889124,-0.25917648098850404,4.889321819456282,0.17612056377329896,0.2247802027540871,3.106563459813399e-191
V,Monthly,199,0.015268763732673924,0.05561350200932191,-0.2178409679122349,0.1536762920943601,-0.4260534301002782,0.9359751518879778,0.1832251647920871,0.1926508221339588,0.0013041717453533875
LLY,Daily,4202,0.0009277462833872901,0.01672717163561272,-0.1524105405115881,0.1456554393783902,0.35640022099374796,11.20611119252186,0.2337920634135971,0.2655356177119487,0.0
LLY,Weekly,871,0.004502352234664026,0.036211357966307436,-0.1975884997288589,0.1615129354107964,-0.0749595674201443,2.7738946517086296,0.23412231620252938,0.2611238158034057,1.5324817288142316e-61
LLY,Monthly,199,0.01969417503257587,0.06699824474168424,-0.1956832393306971,0.2217280641504454,0.11384678592644541,0.6249621622399517,0.23633010039091046,0.23208872782106293,0.15973994140072637
JNJ,Daily,4202,0.0004557484467666561,0.010758137302065146,-0.1057814108678165,0.07693978035135,-0.2987105902191531,8.70970363147492,0.11484860858519733,0.17078013522931043,0.0
JNJ,Weekly,871,0.0022070586565519548,0.022567325064893166,-0.1134268565311033,0.1088746649506639,-0.1575797166305398,2.1572354646115537,0.11476705014070165,0.16273529534307202,3.4947553933983556e-38
JNJ,Monthly,199,0.009689170102479137,0.04480735053869117,-0.1295518830801116,0.1347123625368193,-0.04662771564308608,0.09202444527531783,0.11627004122974964,0.15521721537112362,0.931309577097818
AMZN,Daily,4202,0.0008650240133606902,0.0206902421943018,-0.1513979128766527,0.1462252975553699,0.1032502485905674,6.107756374256484,0.21798605136689392,0.3284474124709074,0.0
AMZN,Weekly,871,0.004176432704261616,0.04278302179315066,-0.1561657575973698,0.1773702216740847,-0.01687545190149449,1.4893520906434663,0.21717450062160404,0.308512757588996,3.239194074297166e-18
AMZN,Monthly,199,0.018713268624885596,0.08508866680249128,-0.2711856800731801,0.2411208708767909,0.00362312433983551,0.5003533812389684,0.22455922349862717,0.29475578810042824,0.3541121526275399
TSLA,Daily,4080,0.0013314915101760524,0.03596979418434657,-0.236517894457676,0.2182924101301382,-0.00478299511773937,4.734225453346481,0.3355358605643652,0.5710027807317506,0.0
TSLA,Weekly,846,0.0066797107153335495,0.07537827107454367,-0.2992320690597806,0.3415657858055034,0.18604137919828415,1.4673590377967578,0.3473449571973446,0.5435604428301826,2.878562312714372e-18
TSLA,Monthly,194,0.028067277168168224,0.16439430986265602,-0.4578131939676242,0.5937166840689898,0.46082953645978236,0.8504373657221267,0.33680732601801866,0.5694785943146832,0.001735732489548782
T,Daily,4202,0.0003212430836402933,0.013245230873257647,-0.1098827944828522,0.0955134845120104,-0.46096049418793117,7.8946369846142055,0.0809532570773539,0.21026152168964768,0.0
T,Weekly,871,0.0015881633733053281,0.02855528392769976,-0.1919412930578131,0.1356636729731525,-0.3494292069917858,4.304278304876928,0.08258449541187707,0.20591508077350845,1.406135602288698e-150
T,Monthly,199,0.007380697693211687,0.057118397995483204,-0.1891590888028948,0.1902102287314985,-0.3236987347529481,0.8860951818148957,0.08856837231854024,0.19786393475023445,0.0067867847627037245
GOOGL,Daily,4202,0.0007409376297979999,0.017519313337029132,-0.1236845732996276,0.1506454560471746,0.14657857261253215,6.8209660946665505,0.18671628270909596,0.27811047738237715,0.0
GOOGL,Weekly,871,0.0036207542764989803,0.03805757569455375,-0.138365210251554,0.2295712171298592,0.33196169028799744,2.274529840029821,0.18827922237794698,0.2744370811731312,5.70039522139536e-45
GOOGL,Monthly,199,0.01633655964708878,0.07371602787669679,-0.1978011708323167,0.2912921318342645,0.13467994361108923,0.4948094001573331,0.19603871576506535,0.2553598112292051,0.2682460651605424
GE,Daily,4202,0.000421550080953229,0.019888730506926085,-0.1643940799605081,0.1374105931816203,-0.17306194389166032,6.814807280225125,0.10623062040021371,0.31572380888466006,0.0
GE,Weekly,871,0.0019512742850235152,0.04372542618280632,-0.1958643257563395,0.1818141290797884,-0.34279064879909626,2.7361737037898664,0.10146626282122279,0.3153085322872477,1.978788625900516e-63
GE,Monthly,199,0.009032068583645197,0.09076117611996773,-0.3140205292091632,0.3162462552134166,-0.14296611741912002,1.7944647523642185,0.10838482300374236,0.3144059367889824,1.1349007497353131e-06
CAT,Daily,4202,0.0007212980381357357,0.018825323578241425,-0.1541095937995473,0.1100608439360053,-0.20180387846282982,4.066389504773974,0.1817671056102054,0.2988427472300844,0.0
CAT,Weekly,871,0.0034452123364788843,0.04081545064133985,-0.1976096360753148,0.1424419177243839,-0.2670032121162313,1.2171710901409085,0.17915104149690197,0.2943244002370408,1.195449592939698e-14
CAT,Monthly,199,0.01569740939574725,0.08802498379591994,-0.2658278984593207,0.2837206326778213,-0.0620715705456114,0.5315640935433978,0.188368912748967,0.3049274885399209,0.29073535567960823
WMT,Daily,4202,0.0005032732430050441,0.012594686443280498,-0.12076460081339,0.1107228380884768,-0.2545877388259533,14.321084697866514,0.1268248572372711,0.19993444901854082,0.0
WMT,Weekly,871,0.0024471746247459432,0.02731423956654183,-0.2167473595270226,0.1093195043733714,-0.8531832336370979,6.673786250933301,0.12725308048678904,0.1969657826149477,0.0
WMT,Monthly,199,0.010613240985781081,0.051696183324706615,-0.1698040149828165,0.137815973253795,-0.36025078486494067,0.8379296693933731,0.127358891829373,0.17908083215157364,0.006325960920331514
COST,Daily,4202,0.0007282382107806512,0.012813382776302238,-0.1329752078493165,0.094941528890974,-0.42237272126919967,8.33611271535154,0.1835160291167241,0.20340614567744456,0.0
COST,Weekly,871,0.003515783882093886,0.027752968027821,-0.177414488761927,0.122630025551072,-0.4265005099235132,3.2333533667397694,0.18282076186888208,0.20012949854124262,7.538421345967863e-89
COST,Monthly,199,0.01581302696641287,0.0535754559104213,-0.1665905857856234,0.138332139667908,-0.40165626755045764,0.3541308815674298,0.18975632359695443,0.18559082335103197,0.04095524205588508
XOM,Daily,4202,0.0003527960009031866,0.01577921195508454,-0.1303907572735907,0.1194421767641147,-0.20479700646693064,6.648099069815865,0.08890459222760302,0.2504872243063859,0.0
XOM,Weekly,871,0.0016958807870424096,0.03460841177449753,-0.2239824091954054,0.1547473092472331,-0.3979245701510992,4.406216030459207,0.0881858009262053,0.249564806430645,1.018856655084197e-158
XOM,Monthly,199,0.007724540419431623,0.06900109298248333,-0.303619361823662,0.2383519666602614,-0.16944828992883912,2.7461819414719733,0.09269448503317948,0.2390267976468909,1.6391426248057718e-14
NEE,Daily,4202,0.0005443885020981532,0.014081842957259592,-0.1440676689432631,0.1283091608859679,-0.45012524514260266,10.127793582944177,0.1371859025287346,0.22354232679825142,0.0
NEE,Weekly,871,0.0026395433872769777,0.0302307599714928,-0.2044468483346392,0.1903294591051453,-0.7287247405834769,6.630098475002805,0.13725625613840284,0.21799711034692312,0.0
NEE,Monthly,199,0.012053170958158967,0.055223823193115786,-0.1782172447798737,0.178031860346179,-0.5608974390851919,1.1552858237047268,0.1446380514979076,0.1913009351173542,2.1432586213095638e-05
WELL,Daily,4202,0.0005596864111345489,0.01787677662728908,-0.279654381906719,0.2084668487377738,-0.9297422828277538,33.47612140744691,0.14104097560590634,0.2837850311955535,0.0
WELL,Weekly,871,0.002699335769700174,0.04075183890918047,-0.3662234964508234,0.4180884916445875,-0.11706431643525801,24.50201632770845,0.14036546002440906,0.29386568951299735,0.0
WELL,Monthly,199,0.012097460705767329,0.07078063906844068,-0.4912376928639964,0.1691534737079655,-1.810884213247424,11.598901008056925,0.14516952846920794,0.24519132611746777,1.4165849504123343e-266
LIN,Daily,4202,0.0004864381030647893,0.01332508123484777,-0.1085132600629235,0.1105992250944041,-0.08215929873386149,6.134620874035781,0.12258240197232691,0.211529106882844,0.0
LIN,Weekly,871,0.0023477275607006348,0.028039855793917722,-0.1540563234845661,0.1558850830679925,-0.063561790753716,3.4565430358583757,0.122081833156433,0.20219827564317275,5.2150711863449646e-95
LIN,Monthly,199,0.010963667081103821,0.05087427604614695,-0.1271160165010238,0.1516446841647965,0.04027492641202819,0.25077542638447703,0.13156400497324586,0.17623366182042163,0.7500437109189495
SPY,Daily,4202,0.0005236411302940638,0.010767170273300144,-0.1158861038432297,0.0998627790042752,-0.5549130950810591,12.40247170772136,0.13195756483410406,0.17092352920223727,0.0
SPY,Weekly,871,0.002513728952065866,0.02242960267327987,-0.1571887626997225,0.1141456333007201,-0.7400139267262545,5.827893862525881,0.13071390550742504,0.16174216505358946,1.1939229357595432e-285
SPY,Monthly,199,0.011350296469090151,0.041340173360250955,-0.1333845483559713,0.1195445279928607,-0.49089131739605346,0.6702731314408337,0.13620355762908182,0.1432065613073201,0.0028548409329022177
^GSPC,Daily,4202,0.000454524240342091,0.01084356402776254,-0.127652197472817,0.0908948798330371,-0.6060729798513284,13.494247394377382,0.11454010856620693,0.17213624245839346,0.0
^GSPC,Weekly,871,0.0021806932866052105,0.022470696766956424,-0.1622790202521715,0.114236746591452,-0.7727707880844735,6.07427894507453,0.11339605090347095,0.16203849877732854,2.5398163204395e-310
^GSPC,Monthly,199,0.009890199916169748,0.04144749552689305,-0.1336677246703745,0.1194208387601767,-0.4890948048742338,0.6777418991795034,0.11868239899403699,0.14357833619812507,0.0028192523880674865
