Strategy,Sharpe P25,Sharpe median,Sharpe P75,Return P25,Return median,Return P75,Return std,Sterling P25,Sterling median,Sterling P75
EW,0.7197580730056852,1.806272524365701,2.42619578459627,0.13291978208249777,0.31200536064473605,0.4648965173092018,0.21719863500438302,0.5064940939473035,1.6803480966375126,2.5147108443301294
Markowitz (λ=3),0.4721117895022465,1.2321614753810324,1.8740095551021967,0.09964674118079919,0.3981009617315677,0.9069127114388426,0.6779236678083911,0.3373245030695514,1.3724723097490747,2.8302276635217662
GMV,0.5559694564201765,1.3378754095601062,1.89013547796482,0.10098733969479518,0.17270667611544588,0.284395948312114,0.12823747550033512,0.4856530743928158,0.9343458494637291,1.5419410659927597
Max Sharpe,0.5749975372407807,1.28822965767971,1.9760313193417085,0.11000851496188785,0.27928209980485286,0.5267587812430758,0.40221273846817884,0.44010173044840645,1.284378202290966,2.1227698832202893
Inverse vol,0.6274603832615022,1.7772843375616572,2.324928470879715,0.12275235015299929,0.2569539366012352,0.3672942578995198,0.16811749821379443,0.5036164669736546,1.470150426746129,2.0134010445569124
Risk parity (ERC),0.605272437599079,1.8007858272830954,2.3972412691542395,0.11950530192913628,0.26452020194071946,0.37964705751170347,0.17184990397741245,0.5311588361754308,1.4816259839193573,2.197227998417893
Most diversified,0.7770045510521739,1.700862617525602,2.3715865059356673,0.1261858930545941,0.28719908463250277,0.39275234180608687,0.21673635832428123,0.6073756777367312,1.4088279725386306,2.1841195033826457
Max decorrelation,0.7247082137272134,1.6578473155864093,2.360483932527544,0.1542814300621409,0.33327829383269636,0.5112086595752634,0.33012238851346826,0.5652429513014999,1.5778372669599128,2.6597759447784948
SPY (buy & hold),0.5432381129089257,1.1284823234767964,1.9508961324672716,0.11094364917590221,0.17694926582320358,0.24809733896089636,0.14465406150264587,0.42283545897039837,0.8937230908451633,1.5965505285258632
