Experiment,start_index,Estimation start,Evaluation start,Evaluation end,N eligible,Assets
1,2305,2019-03-05,2021-03-04,2022-03-02,23,"AAPL, AMD, AVGO, CAT, COST, GE, GOOGL, JNJ, JPM, LLY, V, WMT"
2,1011,2014-01-10,2016-01-12,2017-01-10,23,"AAPL, AMD, AMZN, AVGO, COST, GOOGL, JNJ, JPM, MSFT, NVDA, T, TSLA"
3,3288,2023-01-27,2025-01-31,2026-02-02,23,"AAPL, AMD, GOOGL, JNJ, JPM, LIN, MSFT, NEE, V, WELL, WMT, XOM"
4,2114,2018-05-30,2020-06-01,2021-05-28,23,"AMD, BRK-B, COST, JNJ, JPM, LLY, MSFT, MU, T, V, WMT, XOM"
5,789,2013-02-25,2015-02-25,2016-02-24,23,"AMD, AMZN, BRK-B, COST, GOOGL, JNJ, JPM, LLY, NVDA, TSLA, WELL, XOM"
6,1497,2015-12-15,2017-12-14,2018-12-14,23,"CAT, COST, GE, JPM, LLY, MSFT, NEE, NVDA, T, V, WELL, XOM"
7,605,2012-05-30,2014-06-03,2015-06-02,23,"AMD, AMZN, AVGO, CAT, GOOGL, MSFT, MU, NEE, T, TSLA, WMT, XOM"
8,2841,2021-04-20,2023-04-20,2024-04-19,23,"BRK-B, CAT, GE, JNJ, JPM, LLY, MSFT, MU, NEE, TSLA, WELL, XOM"
9,2116,2018-06-01,2020-06-03,2021-06-02,23,"AAPL, AVGO, CAT, GE, GOOGL, JNJ, JPM, MU, NVDA, TSLA, V, WMT"
10,2560,2020-03-09,2022-03-08,2023-03-08,23,"AAPL, BRK-B, CAT, COST, JNJ, LIN, MSFT, NEE, NVDA, T, TSLA, XOM"
11,2340,2019-04-24,2021-04-23,2022-04-21,23,"AAPL, AMD, BRK-B, COST, JNJ, JPM, MSFT, MU, NVDA, TSLA, V, WELL"
12,2981,2021-11-05,2023-11-08,2024-11-07,23,"AAPL, AMD, AVGO, BRK-B, COST, GE, LLY, MSFT, NEE, TSLA, V, XOM"
13,2648,2020-07-14,2022-07-14,2023-07-14,23,"AAPL, AVGO, BRK-B, CAT, GE, JNJ, JPM, LLY, MU, NVDA, TSLA, WELL"
14,2620,2020-06-03,2022-06-02,2023-06-02,23,"AMD, AMZN, AVGO, CAT, LIN, LLY, MSFT, NEE, NVDA, T, TSLA, V"
15,1204,2014-10-16,2016-10-17,2017-10-16,23,"AMD, BRK-B, COST, GOOGL, JPM, LLY, MSFT, NEE, T, TSLA, V, XOM"
16,844,2013-05-14,2015-05-14,2016-05-12,23,"AMZN, CAT, COST, GOOGL, JNJ, JPM, LLY, MSFT, MU, NEE, WELL, WMT"
17,1668,2016-08-19,2018-08-21,2019-08-21,23,"AAPL, AMZN, AVGO, COST, GE, JPM, LLY, MU, NVDA, WELL, WMT, XOM"
18,12,2010-01-22,2012-01-23,2013-01-23,22,"AMD, COST, GOOGL, JPM, LIN, MSFT, MU, NEE, NVDA, T, V, WELL"
19,64,2010-04-08,2012-04-05,2013-04-09,22,"AMZN, BRK-B, CAT, GE, GOOGL, LLY, MSFT, NEE, NVDA, V, WMT, XOM"
20,3301,2023-02-15,2025-02-20,2026-02-20,23,"AMD, AMZN, AVGO, BRK-B, CAT, COST, GOOGL, JNJ, LIN, MSFT, TSLA, WELL"
21,3181,2022-08-24,2024-08-27,2025-08-28,23,"AAPL, AMD, CAT, COST, GE, JNJ, JPM, T, TSLA, WELL, WMT, XOM"
22,2184,2018-09-07,2020-09-09,2021-09-08,23,"AAPL, AMZN, CAT, COST, JPM, LLY, MSFT, T, TSLA, V, WMT, XOM"
23,1234,2014-11-28,2016-11-29,2017-11-28,23,"AAPL, AMD, AVGO, COST, GE, JPM, LLY, MU, T, WELL, WMT, XOM"
24,86,2010-05-10,2012-05-08,2013-05-09,22,"AAPL, AMD, AMZN, COST, GOOGL, JNJ, LLY, MU, T, WELL, WMT, XOM"
25,53,2010-03-23,2012-03-21,2013-03-22,22,"AAPL, AMD, BRK-B, CAT, COST, JPM, LIN, NEE, V, WELL, WMT, XOM"
26,2591,2020-04-22,2022-04-21,2023-04-21,23,"AAPL, BRK-B, CAT, GE, JNJ, JPM, LLY, MU, NVDA, T, V, WELL"
27,421,2011-09-06,2013-09-09,2014-09-08,23,"AMD, AMZN, GE, GOOGL, JNJ, MSFT, MU, NEE, NVDA, TSLA, WMT, XOM"
28,1665,2016-08-16,2018-08-16,2019-08-16,23,"AMZN, COST, GE, GOOGL, JNJ, LIN, LLY, MSFT, MU, T, WELL, XOM"
29,1269,2015-01-21,2017-01-20,2018-01-19,23,"AMD, CAT, JPM, LIN, LLY, MSFT, MU, NEE, T, V, WMT, XOM"
30,2430,2019-08-30,2021-08-31,2022-08-30,23,"AAPL, AMD, AMZN, AVGO, COST, GE, GOOGL, JNJ, MSFT, T, WELL, XOM"
31,3139,2022-06-24,2024-06-27,2025-06-30,23,"AVGO, BRK-B, COST, JNJ, JPM, LIN, NVDA, T, TSLA, V, WMT, XOM"
32,2707,2020-10-06,2022-10-06,2023-10-06,23,"AAPL, AMZN, CAT, COST, GOOGL, JNJ, LIN, NVDA, T, WELL, WMT, XOM"
33,933,2013-09-19,2015-09-21,2016-09-19,23,"AMZN, AVGO, BRK-B, GE, JPM, MSFT, MU, T, TSLA, V, WMT, XOM"
34,555,2012-03-19,2014-03-21,2015-03-20,23,"AAPL, AMD, AMZN, AVGO, GE, JNJ, JPM, LIN, LLY, MU, NVDA, V"
35,1065,2014-03-31,2016-03-31,2017-03-29,23,"AAPL, AVGO, JNJ, JPM, LIN, LLY, NEE, NVDA, T, V, WMT, XOM"
36,2912,2021-07-30,2023-08-02,2024-08-01,23,"AAPL, AMD, AVGO, CAT, JNJ, LIN, MSFT, NEE, NVDA, T, V, WMT"
37,2071,2018-03-28,2020-03-30,2021-03-29,23,"AMZN, AVGO, CAT, COST, GOOGL, JPM, LIN, NEE, T, TSLA, V, WELL"
38,2688,2020-09-09,2022-09-09,2023-09-11,23,"AAPL, AMD, AMZN, AVGO, BRK-B, GE, JPM, LIN, LLY, NVDA, T, XOM"
39,329,2011-04-26,2013-04-29,2014-04-28,23,"AAPL, AMD, AMZN, CAT, GE, LIN, MSFT, T, TSLA, V, WELL, WMT"
40,2850,2021-05-03,2023-05-03,2024-05-02,23,"AAPL, AMZN, AVGO, GE, GOOGL, JPM, LLY, NVDA, TSLA, V, WELL, WMT"
41,3313,2023-03-06,2025-03-10,2026-03-10,23,"AVGO, BRK-B, JNJ, JPM, LIN, LLY, MU, NEE, NVDA, V, WELL, WMT"
42,2226,2018-11-06,2020-11-06,2021-11-05,23,"AMD, AMZN, BRK-B, GE, JNJ, LIN, MSFT, MU, NEE, T, TSLA, XOM"
43,2587,2020-04-16,2022-04-14,2023-04-17,23,"AAPL, AMD, AMZN, COST, GOOGL, JNJ, JPM, MSFT, NVDA, T, V, XOM"
44,1230,2014-11-21,2016-11-22,2017-11-21,23,"AAPL, BRK-B, CAT, COST, GE, JNJ, LLY, MSFT, MU, NEE, NVDA, XOM"
45,1803,2017-03-06,2019-03-07,2020-03-05,23,"AAPL, BRK-B, CAT, COST, GE, LIN, LLY, MSFT, MU, NVDA, TSLA, WELL"
46,1269,2015-01-21,2017-01-20,2018-01-19,23,"AVGO, BRK-B, CAT, GOOGL, JPM, MU, NEE, T, TSLA, V, WELL, WMT"
47,620,2012-06-20,2014-06-24,2015-06-23,23,"AAPL, CAT, COST, GE, JNJ, JPM, LIN, NEE, NVDA, V, WMT, XOM"
48,2268,2019-01-09,2021-01-08,2022-01-06,23,"AMD, AVGO, BRK-B, CAT, COST, LIN, LLY, T, TSLA, V, WELL, WMT"
49,1450,2015-10-08,2017-10-09,2018-10-08,23,"AAPL, AMD, AMZN, BRK-B, CAT, JNJ, JPM, LLY, NEE, T, V, XOM"
50,347,2011-05-20,2013-05-23,2014-05-22,23,"AMZN, BRK-B, CAT, COST, GOOGL, LIN, MSFT, NVDA, TSLA, V, WELL, XOM"
51,2257,2018-12-21,2020-12-22,2021-12-21,23,"AAPL, AMD, AMZN, AVGO, GE, JPM, LIN, LLY, MU, NEE, NVDA, WMT"
52,862,2013-06-10,2015-06-10,2016-06-08,23,"AAPL, AMD, BRK-B, CAT, COST, JNJ, JPM, LLY, MSFT, NEE, WMT, XOM"
53,2186,2018-09-11,2020-09-11,2021-09-10,23,"AAPL, AVGO, BRK-B, CAT, COST, LLY, MSFT, NVDA, TSLA, WELL, WMT, XOM"
54,854,2013-05-29,2015-05-29,2016-05-26,23,"AAPL, AVGO, COST, JNJ, LIN, LLY, MSFT, MU, NVDA, TSLA, V, WMT"
55,1103,2014-05-23,2016-05-24,2017-05-23,23,"AMZN, AVGO, BRK-B, GOOGL, JNJ, JPM, NEE, NVDA, T, TSLA, V, WELL"
56,1768,2017-01-12,2019-01-15,2020-01-14,23,"AAPL, AMD, AMZN, CAT, COST, GE, JNJ, LIN, LLY, MU, TSLA, WMT"
57,1513,2016-01-08,2018-01-09,2019-01-09,23,"AAPL, AVGO, BRK-B, COST, GE, GOOGL, JNJ, LIN, T, TSLA, V, XOM"
58,3315,2023-03-08,2025-03-12,2026-03-12,23,"AAPL, AVGO, CAT, COST, GE, JNJ, JPM, LIN, LLY, MU, NEE, T"
59,3431,2023-08-23,2025-08-27,2026-08-27,23,"AAPL, AMZN, BRK-B, GE, GOOGL, JNJ, JPM, LIN, MSFT, MU, T, TSLA"
60,1544,2016-02-24,2018-02-23,2019-02-25,23,"AAPL, AMZN, AVGO, CAT, COST, GOOGL, JNJ, JPM, MSFT, T, TSLA, V"
61,1530,2016-02-03,2018-02-02,2019-02-04,23,"AAPL, AMD, AMZN, AVGO, BRK-B, COST, LLY, MU, NVDA, TSLA, V, WMT"
62,1976,2017-11-08,2019-11-11,2020-11-09,23,"AMZN, BRK-B, COST, JNJ, JPM, LLY, MSFT, NVDA, T, V, WELL, XOM"
63,2708,2020-10-07,2022-10-07,2023-10-09,23,"AMD, AMZN, AVGO, GE, JPM, MU, NVDA, T, TSLA, V, WELL, XOM"
64,2491,2019-11-26,2021-11-26,2022-11-25,23,"AVGO, CAT, COST, GE, GOOGL, JNJ, JPM, LLY, NVDA, V, WMT, XOM"
65,3041,2022-02-02,2024-02-06,2025-02-06,23,"AAPL, AMD, AMZN, CAT, COST, GE, JPM, LIN, MSFT, MU, V, WMT"
66,3144,2022-07-01,2024-07-05,2025-07-08,23,"AMD, AVGO, COST, GE, GOOGL, JNJ, MSFT, NVDA, T, V, WELL, WMT"
67,2171,2018-08-20,2020-08-20,2021-08-19,23,"AMD, AMZN, JNJ, JPM, MSFT, MU, NVDA, TSLA, V, WELL, WMT, XOM"
68,249,2010-12-30,2013-01-02,2013-12-31,23,"AAPL, GE, JPM, LIN, LLY, MSFT, MU, NVDA, T, TSLA, WELL, WMT"
69,3264,2022-12-21,2024-12-24,2025-12-26,23,"AAPL, AMD, BRK-B, CAT, COST, LIN, MSFT, MU, NEE, NVDA, WELL, WMT"
70,2129,2018-06-20,2020-06-22,2021-06-21,23,"AAPL, AMD, AMZN, BRK-B, COST, LIN, LLY, MSFT, T, TSLA, V, WMT"
71,113,2010-06-17,2012-06-15,2013-06-18,22,"AAPL, AVGO, COST, GE, JNJ, LIN, LLY, MSFT, NEE, V, WMT, XOM"
72,2400,2019-07-19,2021-07-20,2022-07-19,23,"AAPL, BRK-B, CAT, GE, JNJ, LIN, LLY, MSFT, MU, T, V, WMT"
73,282,2011-02-16,2013-02-20,2014-02-19,23,"AAPL, AMZN, CAT, GOOGL, JNJ, JPM, LIN, LLY, MSFT, NEE, NVDA, WMT"
74,1519,2016-01-19,2018-01-18,2019-01-17,23,"AAPL, AMD, BRK-B, JPM, LIN, LLY, MSFT, NEE, NVDA, T, TSLA, WELL"
75,1316,2015-03-30,2017-03-29,2018-03-28,23,"AAPL, GE, JNJ, LIN, MSFT, MU, NEE, NVDA, T, TSLA, WMT, XOM"
76,3152,2022-07-14,2024-07-17,2025-07-18,23,"AMD, BRK-B, CAT, COST, GE, GOOGL, MSFT, NEE, NVDA, V, WMT, XOM"
77,287,2011-02-24,2013-02-27,2014-02-26,23,"AMZN, AVGO, BRK-B, COST, GE, GOOGL, LLY, MU, NVDA, WELL, WMT, XOM"
78,2640,2020-07-01,2022-07-01,2023-07-03,23,"AMD, AMZN, CAT, JNJ, LIN, LLY, MU, NEE, TSLA, WELL, WMT, XOM"
79,443,2011-10-06,2013-10-09,2014-10-08,23,"AAPL, AMZN, AVGO, CAT, COST, GE, GOOGL, JPM, LLY, MSFT, NVDA, WELL"
80,1973,2017-11-03,2019-11-06,2020-11-04,23,"AAPL, AMD, CAT, COST, GE, JNJ, JPM, LIN, MU, WELL, WMT, XOM"
81,2066,2018-03-21,2020-03-23,2021-03-22,23,"AAPL, AMD, AVGO, BRK-B, JNJ, JPM, LIN, LLY, MSFT, NVDA, V, WMT"
82,332,2011-04-29,2013-05-02,2014-05-01,23,"AAPL, AMZN, BRK-B, COST, JNJ, JPM, LLY, MSFT, T, TSLA, WMT, XOM"
83,724,2012-11-19,2014-11-19,2015-11-18,23,"AAPL, BRK-B, CAT, COST, GOOGL, JNJ, LLY, MSFT, T, TSLA, WELL, WMT"
84,2807,2021-03-02,2023-03-02,2024-03-01,23,"AAPL, AMD, AMZN, BRK-B, CAT, LIN, MU, NVDA, TSLA, V, WELL, WMT"
85,652,2012-08-06,2014-08-08,2015-08-07,23,"AAPL, AMD, COST, GE, JNJ, JPM, LIN, MSFT, MU, V, WELL, WMT"
86,3383,2023-06-14,2025-06-18,2026-06-18,23,"AAPL, AMZN, COST, GE, GOOGL, LIN, MSFT, NEE, V, WELL, WMT, XOM"
87,2960,2021-10-07,2023-10-10,2024-10-09,23,"AMD, AMZN, BRK-B, COST, JNJ, LIN, NVDA, T, V, WELL, WMT, XOM"
88,284,2011-02-18,2013-02-22,2014-02-21,23,"BRK-B, CAT, GE, JNJ, JPM, LLY, MSFT, MU, T, TSLA, WELL, WMT"
89,854,2013-05-29,2015-05-29,2016-05-26,23,"CAT, GE, JNJ, JPM, LLY, MSFT, MU, NVDA, T, TSLA, V, WELL"
90,1017,2014-01-21,2016-01-21,2017-01-19,23,"AAPL, AMD, AMZN, BRK-B, COST, GOOGL, JNJ, MSFT, NVDA, T, V, WELL"
91,504,2012-01-04,2014-01-07,2015-01-06,23,"AAPL, AMD, AMZN, AVGO, BRK-B, CAT, COST, GOOGL, MSFT, T, WELL, WMT"
92,66,2010-04-12,2012-04-10,2013-04-11,22,"AMZN, AVGO, COST, GE, GOOGL, JPM, LIN, MSFT, NEE, NVDA, T, XOM"
93,2113,2018-05-29,2020-05-29,2021-05-27,23,"AMD, COST, GE, GOOGL, JPM, LLY, MSFT, NEE, T, TSLA, WELL, XOM"
94,1811,2017-03-16,2019-03-19,2020-03-17,23,"AMD, AMZN, AVGO, GE, GOOGL, JPM, LLY, NEE, NVDA, V, WELL, WMT"
95,2925,2021-08-18,2023-08-21,2024-08-20,23,"AMD, BRK-B, GE, GOOGL, JPM, LIN, MSFT, MU, NEE, NVDA, T, XOM"
96,2100,2018-05-09,2020-05-11,2021-05-10,23,"AMZN, AVGO, BRK-B, LIN, LLY, MSFT, NVDA, T, TSLA, WELL, WMT, XOM"
97,2896,2021-07-08,2023-07-11,2024-07-10,23,"AAPL, AVGO, BRK-B, COST, GE, JNJ, JPM, LIN, MU, NVDA, TSLA, WMT"
98,352,2011-05-27,2013-05-31,2014-05-30,23,"AAPL, AMZN, AVGO, BRK-B, CAT, GOOGL, JNJ, LLY, NVDA, T, V, WELL"
99,1201,2014-10-13,2016-10-12,2017-10-11,23,"AVGO, COST, GE, GOOGL, JPM, MSFT, MU, NEE, NVDA, T, V, XOM"
100,2605,2020-05-12,2022-05-11,2023-05-11,23,"AVGO, CAT, COST, GE, GOOGL, MSFT, MU, NEE, NVDA, TSLA, V, WMT"
