,Weight IV,Risk contrib. IV,Weight ERC,Risk contrib. ERC,Avg. correlation with others
NVDA,0.031549504410650034,0.044394481101206015,0.0323587993021824,0.04347810427991021,0.07665569680553355
AAPL,0.048053044249896926,0.054103011943114815,0.03772367643572365,0.04347671505880023,0.10335971549633277
MSFT,0.03695683639881213,0.02671754321186188,0.048478352204018346,0.043477997220310954,0.028033996212539294
AVGO,0.025913921986144884,0.04407100462738886,0.02647411457074028,0.043478552011336886,0.07576595128754454
AMD,0.016660840975339066,0.04999698396618687,0.015284055642320696,0.04347704402524528,0.09206578754510115
MU,0.014719045159774626,0.03793530627472765,0.01765883948533398,0.043478547370526054,0.05888926766170806
BRK-B,0.08249224745794519,0.03919926583603357,0.08083953409991555,0.043478701788093384,0.062365880168703175
JPM,0.05435275116083607,0.06522967029120846,0.03691668808424607,0.043478388417016824,0.13396439681546943
V,0.05437757315847334,0.03981173410365717,0.05274377263030528,0.04347862373455873,0.06405051858953828
LLY,0.03358592440726244,0.04477999937385243,0.031726279035777856,0.04347891567148264,0.07771609279397239
JNJ,0.0628768644466014,0.03781218790869404,0.060532352053960764,0.04347689939621483,0.05855062166044605
AMZN,0.03494221816402819,0.053468965742066624,0.029768856965405054,0.0434786693679676,0.10161572540356469
TSLA,0.02590793221990678,0.05778202009964352,0.020393245787756375,0.04347849477000366,0.1134790944399989
T,0.04733363849336476,0.013875303107417788,0.06750178311300704,0.043478541487684735,-0.007289517238171314
GOOGL,0.03822686996903078,0.06610146138518215,0.02776547762206689,0.04347771873612363,0.13636232149089525
GE,0.036307922535107305,0.06602811235823935,0.027729857012852705,0.04347866691738625,0.13616056966888143
CAT,0.030120871555095702,0.06515683831800673,0.02154292398263467,0.04347822523303313,0.13376406718729641
WMT,0.04644275116653475,0.03935248997040574,0.04332597805688515,0.04347777450400745,0.06278733427074852
COST,0.0604741612377085,0.03224629433856904,0.06090267178534559,0.04347920198061527,0.04324122744335013
XOM,0.04629932422440514,-0.010322877821125719,0.1054438442325432,0.04347783770278932,-0.07384837009876716
NEE,0.05656623725957588,0.056256083548141295,0.04016636725927866,0.04348000931123405,0.10928189520812447
WELL,0.052517700631003104,0.04011622667130398,0.051830075179989346,0.043478252177228754,0.06488804749582246
LIN,0.06332181873250299,0.03588789364421776,0.06289245545771038,0.0434781188384301,0.05325771062767138
