Strategy,Ann. return,Ann. volatility,Sharpe,Sortino,Max drawdown,Calmar,Sterling,Ann. return (gross),Sharpe (gross),Cost drag,Turnover (annual),Effective N,Max weight,Diversification ratio (ex-ante)
EW,0.31200536064473605,0.1687633445963335,1.806272524365701,2.7258904857416093,-0.11058038487215843,3.297112422755653,1.6803480966375126,0.3123917877756863,1.8077019196790216,0.0003503789197168983,0.2738904712160526,11.999999999999998,0.08333333333333333,1.6321584784847518
Markowitz (λ=3),0.3981009617315677,0.345125395582102,1.2321614753810324,1.874273280581964,-0.23513239998334384,2.09481832766138,1.3724723097490747,0.400796729095688,1.241029249587384,0.0032594637360533474,2.214871825733762,1.500836733817929,0.7687192287676301,1.1140382150610861
GMV,0.17270667611544588,0.12822149144952188,1.3378754095601062,1.9004304018119398,-0.09845886378127605,2.0123942673067643,0.9343458494637291,0.17412152562311256,1.3486843475332808,0.0010887726045580859,0.9451408118927713,4.434501729601182,0.3495160432339524,1.547095145545529
Max Sharpe,0.27928209980485286,0.20766244410326845,1.28822965767971,2.0163544101819952,-0.14351692722511555,2.186607301067861,1.284378202290966,0.28269476498336576,1.3054313410054346,0.002696912972746379,2.1351144733211203,2.7687816924223076,0.4960218052392402,1.4042996509825727
Inverse vol,0.2569539366012352,0.14676518804035638,1.7772843375616572,2.6410581413142022,-0.09816497183532574,3.1561226570154446,1.470150426746129,0.2573487608144912,1.7791775036831625,0.0003373481392136002,0.2729628142955859,10.899877457515524,0.12834548544294289,1.6360277077738563
Risk parity (ERC),0.26452020194071946,0.14397202681415133,1.8007858272830954,2.707549282657522,-0.09965872904916173,3.220622329932368,1.4816259839193573,0.2649290744202525,1.803204442332543,0.00037974034999266326,0.3062874700881991,10.680779270722688,0.1384129010503259,1.6911974583599338
Most diversified,0.28719908463250277,0.15171766646868579,1.700862617525602,2.5068337011379174,-0.10658201139273954,3.051822197199023,1.4088279725386306,0.28829119988144514,1.7071701506704584,0.0010138246568988096,0.8422337883143642,6.343742727972929,0.264677033045288,1.7931677953123233
Max decorrelation,0.33327829383269636,0.19031737323127207,1.6578473155864093,2.480362568174792,-0.13147360527680502,2.8256290204173258,1.5778372669599128,0.3344945132564431,1.663715966111985,0.0010830502267012987,0.8572856293966289,7.058326675857386,0.20959603678531014,1.7219328688554314
SPY (buy & hold),0.17694926582320358,0.14018618478127975,1.1284823234767964,1.6581880916210379,-0.09440448122954859,2.002520084107447,0.8937230908451633,0.17694926582320358,1.1284823234767964,0.0,0.0,,,
