Strategy,SPY down,SPY up
EW,0.03715369591079298,0.3448677997023585
Markowitz (λ=3),-0.047620899033611774,0.4985419431895267
GMV,0.0018145570150950863,0.2084273814141574
Max Sharpe,0.04496359981254372,0.3175824388124612
Inverse vol,0.03835461736527357,0.27781088004822097
Risk parity (ERC),0.03777857701515386,0.2823397451905425
Most diversified,0.028604625567502207,0.2931598665347487
Max decorrelation,0.02986615195923903,0.3522576771790099
SPY (buy & hold),-0.05391571553101071,0.20445787732400966
