Strategy,Sharpe (semi-annual),Sharpe (quarterly),Return (semi-annual),Return (quarterly),Turnover (semi-annual),Turnover (quarterly),% beats EW Sharpe (quarterly)
EW,1.806272524365701,1.7227431181134787,0.31200536064473605,0.3186865888271798,0.2738904712160526,0.37951198647550566,
Markowitz (λ=3),1.2321614753810324,1.179804161314041,0.3981009617315677,0.35790240343146085,2.214871825733762,2.932630182753769,17.0
GMV,1.3378754095601062,1.4012949140398905,0.17270667611544588,0.16859784233371178,0.9451408118927713,1.2150101265284436,28.999999999999996
Max Sharpe,1.28822965767971,1.3592503504155675,0.27928209980485286,0.28527967981842683,2.1351144733211203,3.078664601879386,34.0
Inverse vol,1.7772843375616572,1.7304911256795892,0.2569539366012352,0.2576310236194077,0.2729628142955859,0.38369010403748016,42.0
Risk parity (ERC),1.8007858272830954,1.8248034149103547,0.26452020194071946,0.25973708067817847,0.3062874700881991,0.41784270212083474,48.0
Most diversified,1.700862617525602,1.775178877926795,0.28719908463250277,0.27982355559014493,0.8422337883143642,1.1106307263470436,47.0
Max decorrelation,1.6578473155864093,1.6919909407557143,0.33327829383269636,0.34392477022467205,0.8572856293966289,1.134098618256489,43.0
SPY (buy & hold),1.1284823234767964,1.1284823234767964,0.17694926582320358,0.17694926582320358,0.0,0.0,15.0
