,0 bps,10 bps,25 bps,50 bps
EW,1.8077019196790216,1.806272524365701,1.804125233486236,1.8005379255839145
Markowitz (λ=3),1.241029249587384,1.2321614753810324,1.218695531781933,1.1958273505820673
GMV,1.3486843475332808,1.3378754095601062,1.3214943055074424,1.2937622346653619
Max Sharpe,1.3054313410054346,1.28822965767971,1.262143693155882,1.2498816845130352
Inverse vol,1.7791775036831625,1.7772843375616572,1.774439623304929,1.76968528476959
Risk parity (ERC),1.803204442332543,1.8007858272830954,1.7971474943557042,1.7910560772259763
Most diversified,1.7071701506704584,1.700862617525602,1.6913137812320396,1.6751701866704294
Max decorrelation,1.663715966111985,1.6578473155864093,1.648985400974108,1.6340609494084979
SPY (buy & hold),1.1284823234767964,1.1284823234767964,1.1284823234767964,1.1284823234767964
