,12 stocks (main),12 stocks (main),12 stocks (main),12 stocks (main),12 stocks (new draw),12 stocks (new draw),12 stocks (new draw),12 stocks (new draw),All eligible stocks,All eligible stocks,All eligible stocks,All eligible stocks
,Median Sharpe,Rank,Median return,% beats EW (Sharpe),Median Sharpe,Rank,Median return,% beats EW (Sharpe),Median Sharpe,Rank,Median return,% beats EW (Sharpe)
EW,1.806272524365701,1.0,0.31200536064473605,,1.6398276529763456,3.0,0.30257564036770446,,1.7037052664307852,3.0,0.3556816354077773,
Markowitz (λ=3),1.2321614753810324,8.0,0.3981009617315677,21.0,1.018862780584455,9.0,0.29795536096053743,21.0,1.2373103430512733,8.0,0.48316519503192523,21.0
GMV,1.3378754095601062,6.0,0.17270667611544588,31.0,1.2324790491321065,7.0,0.1744990824014392,34.0,1.46123180607297,6.0,0.1894439785687727,36.0
Max Sharpe,1.28822965767971,7.0,0.27928209980485286,34.0,1.2534996052146536,6.0,0.27056951736231816,39.0,1.3828464829589644,7.0,0.2932277188877088,39.0
Inverse vol,1.7772843375616572,3.0,0.2569539366012352,47.0,1.5766930005601045,5.0,0.2602456463392623,47.0,1.6557351228837005,4.0,0.2790225287585776,40.0
Risk parity (ERC),1.8007858272830954,2.0,0.26452020194071946,51.0,1.5942447300165117,4.0,0.2641370626644498,49.0,1.7524579604977628,2.0,0.2912385089782811,54.0
Most diversified,1.700862617525602,4.0,0.28719908463250277,47.0,1.6604570691470617,2.0,0.26267076815615165,50.0,1.8452151392421252,1.0,0.2749905933219926,52.0
Max decorrelation,1.6578473155864093,5.0,0.33327829383269636,41.0,1.667425297533328,1.0,0.30682967384643334,43.0,1.601129875459824,5.0,0.3209850413072166,42.0
SPY (buy & hold),1.1284823234767964,9.0,0.17694926582320358,15.0,1.1284823234767964,8.0,0.17694926582320358,19.0,1.1284823234767964,9.0,0.17694926582320358,8.0
