Strategy,2012-2016,2017-2020,2021-2026
EW,1.8342305074269891,1.9813663668443011,1.5855072080962795
Markowitz (λ=3),1.5234367539707288,1.356216070185806,0.8526941452652957
GMV,1.407454165448601,1.126827034607486,1.4566481484705265
Max Sharpe,1.3882929427726742,1.228034835090316,1.317787166465499
Inverse vol,1.8264094186705084,1.8774901579721273,1.535240174180461
Risk parity (ERC),1.8625360463392129,1.915795000666575,1.7171743050073645
Most diversified,1.8918386202473743,1.7316659716739853,1.605578194912372
Max decorrelation,1.771877655366412,1.8294925868858725,1.4652049397969171
SPY (buy & hold),1.466725908682467,1.932372270648702,0.766193234365038
