Ticker,Sector,First date,Ann. return (CAGR),Ann. volatility,Max drawdown,Avg. correlation with the other stocks
NVDA,Information Technology,2010-01-05,0.45601545688737133,0.454272614367833,-0.6633510321259952,0.3546458527597123
AAPL,Information Technology,2010-01-05,0.26813826485771597,0.2811819738677905,-0.4379716263373218,0.3814551236466935
MSFT,Information Technology,2010-01-05,0.20195487597277828,0.2606649383496189,-0.3714848805007148,0.40440346582782194
AVGO,Information Technology,2010-01-05,0.3990332207538214,0.3833612614008687,-0.48299981092096855,0.34752798542144664
AMD,Information Technology,2010-01-05,0.2753409454596638,0.5688451559980172,-0.8405511782383533,0.2973823520749586
MU,Information Technology,2010-01-05,0.3148679883975394,0.5072397806887313,-0.738010472343607,0.329200519292478
BRK-B,Financials,2010-01-05,0.13020647629162996,0.1923907303929297,-0.29569936128511076,0.4446589724208984
JPM,Financials,2010-01-05,0.16310078366602676,0.2739404715764505,-0.4362649671270501,0.41103973085593565
V,Financials,2010-01-05,0.19260050127881034,0.24771865141221855,-0.36364932681245166,0.40321488295576235
LLY,Health Care,2010-01-05,0.2633817616022418,0.2668740936230661,-0.34475013219001116,0.24973539279312026
JNJ,Health Care,2010-01-05,0.12170360842065753,0.1706478108887945,-0.2736625291201553,0.30669584514213083
AMZN,Consumer Discretionary,2010-01-05,0.2435697214003001,0.3294411128331689,-0.561452632532826,0.33469710391421365
TSLA,Consumer Discretionary,2010-06-30,0.398689687088972,0.5732881362948086,-0.7363221744219117,0.2508278650502977
T,Communication Services,2010-01-05,0.08432021108642607,0.20979786862684968,-0.3942906718880771,0.27883966357526124
GOOGL,Communication Services,2010-01-05,0.20528527626196902,0.27891055204414594,-0.4432004654139803,0.3779723805262459
GE,Industrials,2010-01-05,0.11207831488148146,0.31565250951591795,-0.8119140694836015,0.35143332396530186
CAT,Industrials,2010-01-05,0.19933484299508608,0.29869324212833437,-0.4463250267865988,0.3781549174755918
WMT,Consumer Staples,2010-01-05,0.1352181751215782,0.1998698670578967,-0.3643516221162092,0.26021511087840293
COST,Consumer Staples,2010-01-05,0.20143422318675008,0.20310773058936882,-0.31402421769443045,0.3400860025149935
XOM,Energy,2010-01-05,0.09297637291066319,0.25033738848358444,-0.6239597041504585,0.3213441065917648
NEE,Utilities,2010-01-05,0.14704136659150824,0.22311706913270035,-0.44969726264231724,0.28260847262508865
WELL,Real Estate,2010-01-05,0.1514718292739865,0.28250113654226505,-0.6332838886318707,0.2921859330821865
LIN,Materials,2010-01-05,0.13041226443645138,0.21161156456230806,-0.32585047309389736,0.41047542100675133
SPY,ETF (benchmark),2010-01-05,0.14105989717380973,0.17058743427538733,-0.33717249020383344,
