,EW,Markowitz (λ=3),GMV,Max Sharpe,Inverse vol,Risk parity (ERC),Most diversified,Max decorrelation
NVDA,0.043478260869565216,0.0,0.056761466951678226,0.0,0.031549504410650034,0.0323587993021824,0.04076825903335377,0.05470681748256419
AAPL,0.043478260869565216,4.680379786859727e-16,0.013491334284248823,0.10949433749216236,0.048053044249896926,0.03772367643572365,0.01129085260776225,0.009947182380178006
MSFT,0.043478260869565216,0.0,0.05380285112403922,0.024475647655126432,0.03695683639881213,0.048478352204018346,0.06545996800477119,0.07498796018451497
AVGO,0.043478260869565216,0.0,0.027180005016878315,4.2004144159499713e-14,0.025913921986144884,0.02647411457074028,0.03637650675765964,0.059429074157852785
AMD,0.043478260869565216,0.12074768663438357,1.393369198233324e-19,0.04308385272552965,0.016660840975339066,0.015284055642320696,0.014356514483356305,0.03648046518856167
MU,0.043478260869565216,0.7629739568504711,0.021008133283741685,0.09148017052845973,0.014719045159774626,0.01765883948533398,0.03104808062416002,0.08930466047321182
BRK-B,0.043478260869565216,0.0,0.2200431094759613,0.01470834984586105,0.08249224745794519,0.08083953409991555,0.09305185421666572,0.04775607944293554
JPM,0.043478260869565216,0.0,0.007954250592110029,0.0,0.05435275116083607,0.03691668808424607,3.538817626844761e-17,6.077990792141637e-18
V,0.043478260869565216,0.0,0.030423682017989187,0.02379833073689707,0.05437757315847334,0.05274377263030528,0.058554642862726665,0.04558893563806322
LLY,0.043478260869565216,0.0,6.375246417068695e-19,0.008519096690144777,0.03358592440726244,0.031726279035777856,0.04099174681531817,0.05167160478815515
JNJ,0.043478260869565216,0.11627835651514379,0.10150055949478835,0.33492058845889566,0.0628768644466014,0.060532352053960764,0.053703466579598,0.036160088028891604
AMZN,0.043478260869565216,3.851739832073789e-16,0.013947457472824831,0.0,0.03494221816402819,0.029768856965405054,0.024871063469844835,0.030134656505872267
TSLA,0.043478260869565216,2.5756419419736827e-16,0.0,6.35488067909758e-14,0.02590793221990678,0.020393245787756375,0.007615124716801065,0.012443496035452199
T,0.043478260869565216,1.6232856971696413e-16,0.06049960758478006,3.910387159741271e-15,0.04733363849336476,0.06750178311300704,0.09545052491066285,0.08537326031373395
GOOGL,0.043478260869565216,0.0,0.021737368861019183,0.04579496925178779,0.03822686996903078,0.02776547762206689,0.014019111616506007,0.015526764127250911
GE,0.043478260869565216,9.200029841149211e-18,0.010727224102510279,2.2464650402162358e-14,0.036307922535107305,0.027729857012852705,0.03185430221184628,0.037143500374838934
CAT,0.043478260869565216,0.0,0.007077691698632354,9.727123673157566e-15,0.030120871555095702,0.02154292398263467,0.0,1.170070137513409e-18
WMT,0.043478260869565216,0.0,0.007859605413780576,3.391836563296145e-15,0.04644275116653475,0.04332597805688515,0.04395340120684104,0.04006726749391659
COST,0.043478260869565216,7.011778559377719e-17,0.08136011244808392,7.113682303149277e-15,0.0604741612377085,0.06090267178534559,0.053072606518725626,0.037154267946466375
XOM,0.043478260869565216,3.9974190566869465e-17,0.11915543094442627,0.21943143678844756,0.04629932422440514,0.1054438442325432,0.15274641245609633,0.1396728548538423
NEE,0.043478260869565216,0.0,0.022606505628052446,1.2004743020464154e-14,0.05656623725957588,0.04016636725927866,0.0,1.9809983053909944e-19
WELL,0.043478260869565216,5.246450847551793e-17,0.042424593385662554,0.08429321982650972,0.052517700631003104,0.051830075179989346,0.06535624354450292,0.052685286071026974
LIN,0.043478260869565216,1.6593765748964992e-16,0.08043901021879234,1.4036251893277322e-14,0.06332181873250299,0.06289245545771038,0.06545931736280125,0.04376577851267051
