Asset,Frequency,Innovations,omega,alpha,gamma,gamma p-value,beta,persistence (α+γ/2+β),nu (t d.o.f.),Log-lik.,AIC,BIC
WMT,Daily,normal,0.1425185705710778,0.03935297874294402,0.08111159193276318,0.20221762844468205,0.8308609183156446,0.9107696930249702,,-6685.187189321743,13380.374378643486,13412.09095805051
WMT,Daily,t,0.11896393937322144,0.06123534954099456,0.07058874576174318,0.00551755900227413,0.8222335480512221,0.9187632704730883,3.9305880786101297,-6155.814627940174,12323.629255880349,12361.689151168779
WMT,Weekly,normal,0.022635696159084062,4.412492322700638e-15,9.969020375277205e-08,0.9999945963251744,0.998238704857901,0.9982387547030073,,-2085.2777188163286,4180.555437632657,4204.40364751692
WMT,Weekly,t,0.3157956082440811,0.04514201910766591,0.001009113421424972,0.9787617727148507,0.9151482653106404,0.9607948411290188,4.122792446667414,-2025.0373427182778,4062.0746854365557,4090.6925372976707
WMT,Monthly,normal,3.0543421508947968,0.08074106371885947,-0.08074106371833563,0.2761718774326456,0.8493244341579272,0.8896949660176189,,-607.2269763220189,1224.4539526440378,1240.9204767676604
WMT,Monthly,t,0.08715388417096093,2.515321284590755e-15,7.553912837245134e-10,0.9999999893588277,0.9999999999999996,1.0000000003776977,12.347660779505727,-605.2992508304173,1222.5985016608347,1242.3583306091816
SPY,Daily,normal,0.03797816752193574,0.015555562602017289,0.23430082920706466,3.598691238967196e-11,0.827869768476225,0.9605757456817745,,-5309.68366727069,10629.36733454138,10661.083913948405
SPY,Daily,t,0.02937232694013922,0.0,0.28051311455498334,1.2445202722040884e-17,0.8331580918549278,0.9734146491324195,5.823473597509429,-5176.534886194171,10365.069772388342,10403.129667676772
SPY,Weekly,normal,0.47117791544035315,0.009389426831009077,0.4944316061292537,1.9440740378240246e-05,0.6615148679848513,0.9181200978804872,,-1796.1515138211869,3602.3030276423738,3626.151237526636
SPY,Weekly,t,0.4258676091724037,0.0,0.4542338302153872,1.911880780491605e-06,0.6822506865198444,0.909367601627538,8.134181676631695,-1778.7642480795791,3569.5284961591583,3598.1463480202733
SPY,Monthly,normal,4.537126524957438,0.0,0.518362249001524,0.013096121350279774,0.4593083265905378,0.7184894510912998,,-545.8784129261553,1101.7568258523106,1118.2233499759332
SPY,Monthly,t,4.493564465168793,0.0,0.5710232291673085,0.5812759620288594,0.4391574905846213,0.7246691051682755,14.31526792824425,-545.4933103975316,1102.9866207950631,1122.74644974341
