,Asset,Frequency,Series,Lag,Q stat,p-value,Reject H0 (5%)
0,WMT,Daily,r,5,13.108556402485535,0.02238243903382496,True
1,WMT,Daily,r,10,29.262535455509084,0.0011297264509909912,True
2,WMT,Daily,r,20,45.18193928341064,0.0010424676167285114,True
3,WMT,Weekly,r,4,9.244290856730423,0.05527513618399912,False
4,WMT,Weekly,r,8,12.244762816474436,0.1406127269999187,False
5,WMT,Weekly,r,12,18.195268797107055,0.10988884706045865,False
6,WMT,Monthly,r,3,1.2869942070498908,0.7322237234469917,False
7,WMT,Monthly,r,6,4.135831412950566,0.6583005794510361,False
8,WMT,Monthly,r,12,6.787095890624312,0.87135641727262,False
9,SPY,Daily,r,5,70.92745928345786,6.570141768827733e-14,True
10,SPY,Daily,r,10,168.1951591776508,6.557045906356267e-31,True
11,SPY,Daily,r,20,203.85570089739073,1.9403256991222062e-32,True
12,SPY,Weekly,r,4,11.052607068512232,0.025979102201395956,True
13,SPY,Weekly,r,8,17.677234473992534,0.02378084994054098,True
14,SPY,Weekly,r,12,22.740964685396378,0.030007317594011294,True
15,SPY,Monthly,r,3,6.0974775626330375,0.10696284919736698,False
16,SPY,Monthly,r,6,7.8723583532514105,0.24760464208822244,False
17,SPY,Monthly,r,12,12.793494971508418,0.3842273968503591,False
