,Asset,Frequency,Fact,Statistic,p-value,Conclusion
0,WMT,Daily,1. Little serial correlation,max |ACF(1-5)| = 0.041,0.0011297264509909912,Supported (significant but tiny)
1,WMT,Daily,"2. Non-normal, fat tails",excess kurtosis = 14.32,0.0,Supported
2,WMT,Daily,3. Negative skewness,skewness = -0.255,3.031500697858865e-11,Supported
3,WMT,Daily,4. Volatility clustering,LB |r| p = 0.000,5.328992409132081e-68,Supported
4,WMT,Daily,5. Leverage effect,gamma = 0.071,0.00551755900227413,Supported
5,WMT,Daily,6. Conditional non-normality,z excess kurtosis = 15.67,0.0,Supported
6,WMT,Weekly,1. Little serial correlation,max |ACF(1-5)| = 0.095,0.1406127269999187,Supported
7,WMT,Weekly,"2. Non-normal, fat tails",excess kurtosis = 6.67,0.0,Supported
8,WMT,Weekly,3. Negative skewness,skewness = -0.853,1.0914819705004654e-19,Supported
9,WMT,Weekly,4. Volatility clustering,LB |r| p = 0.000,0.18795522683633845,Partial
10,WMT,Weekly,5. Leverage effect,gamma = 0.001,0.9787617727148507,Not significant
11,WMT,Weekly,6. Conditional non-normality,z excess kurtosis = 7.13,0.0,Supported
12,WMT,Monthly,1. Little serial correlation,max |ACF(1-5)| = 0.070,0.6583005794510361,Supported
13,WMT,Monthly,"2. Non-normal, fat tails",excess kurtosis = 0.84,0.006325960920331514,Supported
14,WMT,Monthly,3. Negative skewness,skewness = -0.360,0.03673840076158204,Supported
15,WMT,Monthly,4. Volatility clustering,LB |r| p = 0.848,0.6721661569493127,Not supported
16,WMT,Monthly,5. Leverage effect,gamma = 0.000,0.9999999893588277,Not significant
17,WMT,Monthly,6. Conditional non-normality,z excess kurtosis = 0.66,0.02865995652285228,Supported
18,SPY,Daily,1. Little serial correlation,max |ACF(1-5)| = 0.100,6.557045906356267e-31,Not supported
19,SPY,Daily,"2. Non-normal, fat tails",excess kurtosis = 12.40,0.0,Supported
20,SPY,Daily,3. Negative skewness,skewness = -0.555,3.9222314894797246e-43,Supported
21,SPY,Daily,4. Volatility clustering,LB |r| p = 0.000,0.0,Supported
22,SPY,Daily,5. Leverage effect,gamma = 0.281,1.2445202722040884e-17,Supported
23,SPY,Daily,6. Conditional non-normality,z excess kurtosis = 3.17,0.0,Supported
24,SPY,Weekly,1. Little serial correlation,max |ACF(1-5)| = 0.089,0.02378084994054098,Supported (significant but tiny)
25,SPY,Weekly,"2. Non-normal, fat tails",excess kurtosis = 5.83,1.1939229357595432e-285,Supported
26,SPY,Weekly,3. Negative skewness,skewness = -0.740,6.019690746457557e-16,Supported
27,SPY,Weekly,4. Volatility clustering,LB |r| p = 0.000,3.811664125226195e-79,Supported
28,SPY,Weekly,5. Leverage effect,gamma = 0.454,1.911880780491605e-06,Supported
29,SPY,Weekly,6. Conditional non-normality,z excess kurtosis = 2.34,8.990624447866775e-67,Supported
30,SPY,Monthly,1. Little serial correlation,max |ACF(1-5)| = 0.125,0.24760464208822244,Supported
31,SPY,Monthly,"2. Non-normal, fat tails",excess kurtosis = 0.67,0.0028548409329022207,Supported
32,SPY,Monthly,3. Negative skewness,skewness = -0.491,0.005328155741619344,Supported
33,SPY,Monthly,4. Volatility clustering,LB |r| p = 0.005,0.0005808780699925934,Supported
34,SPY,Monthly,5. Leverage effect,gamma = 0.571,0.5812759620288594,Not significant
35,SPY,Monthly,6. Conditional non-normality,z excess kurtosis = 0.33,2.97550275901434e-05,Supported
