Asset,Frequency,Innovations,z skewness,z excess kurtosis,z JB p-value,LB z p-value,LB z² p-value
WMT,Daily,normal,-0.6435178675514044,15.021090248439606,0.0,0.1280261115934694,0.9883527601906084
WMT,Daily,t,-0.6617199773355849,15.666565216589134,0.0,0.14058141672664923,0.9623106943755871
WMT,Weekly,normal,-0.783702699713868,4.6164971250827405,4.8608645170645903e-188,0.18823819848761125,0.6585629841153534
WMT,Weekly,t,-0.994474851855187,7.1260961350826335,0.0,0.2968322734376068,0.9996535719159868
WMT,Monthly,normal,-0.2505256480222186,0.5307456341064225,0.10984719084758139,0.750953852426329,0.8284246388251175
WMT,Monthly,t,-0.3228412954318697,0.6632640254020656,0.02865995652285228,0.7561056320061136,0.8849508890830347
SPY,Daily,normal,-0.7294045957934161,2.600483651623594,0.0,0.5090278532781907,0.536857737867113
SPY,Daily,t,-0.7943565750138284,3.1670486352556786,0.0,0.353011638709136,0.6615327546597995
SPY,Weekly,normal,-0.8441139367228159,2.322476135440585,1.0764000922462246e-65,0.4482509284489612,0.8499091886803712
SPY,Weekly,t,-0.8504013433396735,2.3426679891761113,8.990624447866775e-67,0.384098471830468,0.8887194010541468
SPY,Monthly,normal,-0.753335971060093,0.2611462892322325,6.165064781151426e-05,0.6331966344074593,0.8339532652983962
SPY,Monthly,t,-0.7751511297908221,0.332469179235948,2.97550275901434e-05,0.598889786437701,0.7944707075829079
